"","sample","fieldID","region","site","management","treatment","plot","day","lat","lon","sand_pct","soil_moisture","soil_temp","pH","soil_tot_C","soil_tot_N","abv_plant_biomass","plant_avail_N","fb_ratio","microbial_biomass"
"1","DeS1ExCp1d0","DeS1Ex","De",1,"Ex","C",1,0,50.6816742,-3.7814564,55.979271,31.2,19.6,5.77,7.8229431,0.65457279,0.154818181818182,0.00116725750932205,0.0213034413659219,0.0274236348571279
"2","DeS1ExCp2d0","DeS1Ex","De",1,"Ex","C",2,0,50.681681,-3.7814353,55.979271,28.5,18.5,5.4,6.95017938,0.57474684,0.156818181818182,0.00107890828789825,0.0753499206445403,0.0233844338642636
"3","DeS1ExCp3d0","DeS1Ex","De",1,"Ex","C",3,0,50.6816587,-3.7814137,55.979271,28.6,18.5,5.52,8.06774268,0.66521625,0.115727272727273,0.000986838091558818,0.0918138435196815,0.0248567341774102
"4","DeS1ExDp1d0","DeS1Ex","De",1,"Ex","D",1,0,50.6816673,-3.7814775,55.979271,17.5,19.8,5.7,8.58395049,0.71311182,0.0815454545454546,0.00136502717067638,0.0409717708556782,0.0188785280695669
"5","DeS1ExDp2d0","DeS1Ex","De",1,"Ex","D",2,0,50.6816879,-3.7814141,55.979271,21.2,18.4,5.58,5.12482599,0.4257384,0.105272727272727,0.00128517573347536,0.0901951258665724,0.026795457041278
"6","DeS1ExDp3d0","DeS1Ex","De",1,"Ex","D",3,0,50.6816495,-3.7814376,55.979271,21.7,20.8,5.6,7.67925639,0.62796414,0.126727272727273,0.00115031813790395,0.143049172101736,0.0463626057669611
"7","DeS1InCp1d0","DeS1In","De",1,"In","C",1,0,50.6814673,-3.7813185,68.542173,42,19.4,5.66,4.906756008,0.415386752,0.213727272727273,0.00164632865546009,0.0275399062785002,0.0172902935877079
"8","DeS1InCp2d0","DeS1In","De",1,"In","C",2,0,50.6814766,-3.7812762,68.542173,43.4,20.8,5.73,8.087060828,0.675003472,0.329,0.00171496650912225,0.0593876842929047,0.0319123495264312
"9","DeS1InCp3d0","DeS1In","De",1,"In","C",3,0,50.6814492,-3.7813465,68.542173,47.4,20.9,5.78,7.256287324,0.603608874,0.348727272727273,0.0024862532193673,0.029155040934324,0.0214532195542762
"10","DeS1InDp1d0","DeS1In","De",1,"In","D",1,0,50.6814584,-3.7813042,68.542173,24,19,5.82,9.904377868,0.837263922,0.212454545454545,0.00208256727390656,0.062549803029026,0.0303822096049594
"11","DeS1InDp2d0","DeS1In","De",1,"In","D",2,0,50.6814855,-3.7812905,68.542173,16.2,25.3,5.81,9.28129774,0.772359742,0.198727272727273,0.00146628176640191,0.0397897510249291,0.022514654117098
"12","DeS1InDp3d0","DeS1In","De",1,"In","D",3,0,50.6814581,-3.7813608,68.542173,17.4,18.7,5.96,8.710140956,0.700965144,0.125,0.00164139156553213,0.0412445027879249,0.0437627093160488
"13","DeS2ExCp1d0","DeS2Ex","De",2,"Ex","C",1,0,50.7616808,-3.8509082,21.247166,49.3,17.1,5.63,3.104218712,0.321963976,0.201818181818182,0.000205979790347445,0.0719899409242464,0.0354920418755625
"14","DeS2ExCp1d60","DeS2Ex","De",2,"Ex","C",1,60,50.7616808,-3.8509082,21.247166,19,16,5.63,3.195340592,0.33411356,NA,0.000337244214582599,0.0867522838945341,0.0319929373851057
"15","DeS2ExCp2d0","DeS2Ex","De",2,"Ex","C",2,0,50.7616669,-3.8509718,21.247166,54.2,17,5.88,3.596276864,0.358412728,0.184,0.0004000250532,0.0608211101695759,0.0212206190201402
"16","DeS2ExCp2d60","DeS2Ex","De",2,"Ex","C",2,60,50.7616669,-3.8509718,21.247166,17,15.4,5.88,3.67524916,0.340188352,NA,0.00072331087012326,0.0488866506689717,0.0163519807859509
"17","DeS2ExCp3d0","DeS2Ex","De",2,"Ex","C",3,0,50.7616529,-3.8510353,21.247166,50,18.8,5.85,3.535528944,0.36448752,0.192181818181818,0.00132464897619433,0.0928747569853138,0.0372557186073089
"18","DeS2ExCp3d60","DeS2Ex","De",2,"Ex","C",3,60,50.7616529,-3.8510353,21.247166,14.1,15.7,5.85,3.395808728,0.33411356,NA,0.0006955136261163,0.067829044144351,0.0222973896121783
"19","DeS2ExDp1d0","DeS2Ex","De",2,"Ex","D",1,0,50.7616878,-3.8508764,21.247166,20.8,21.1,5.4,3.079919544,0.321963976,0.172727272727273,0.000455200081017613,0.120412165275578,0.0328888486440558
"20","DeS2ExDp1d60","DeS2Ex","De",2,"Ex","D",1,60,50.7616878,-3.8508764,21.247166,16,16.9,5.4,3.52337936,0.352337936,NA,0.000599812038388523,0.0701673081090482,0.0327540904809964
"21","DeS2ExDp2d0","DeS2Ex","De",2,"Ex","D",2,0,50.7616738,-3.85094,21.247166,20.1,23.5,5.38,3.742071872,0.376637104,0.215909090909091,0.000547615553700327,0.0681658826296826,0.0171429420664452
"22","DeS2ExDp2d60","DeS2Ex","De",2,"Ex","D",2,60,50.7616738,-3.85094,21.247166,15.1,15.6,5.38,3.602351656,0.358412728,NA,0.000424580324206867,0.0664779987990952,0.0295372737092249
"23","DeS2ExDp3d0","DeS2Ex","De",2,"Ex","D",3,0,50.7616599,-3.8510035,21.247166,21.3,22.8,5.72,3.262163304,0.346263144,0.112545454545455,0.000703433326257183,0.0714305367933898,0.0380016539437088
"24","DeS2ExDp3d60","DeS2Ex","De",2,"Ex","D",3,60,50.7616599,-3.8510035,21.247166,29.2,15.5,5.72,3.784595416,0.376637104,NA,0.000688429200973172,0.0606864248288683,0.0160708386730985
"25","DeS2InCp1d0","DeS2In","De",2,"In","C",1,0,50.7615487,-3.8498488,21.479194,34.4,17.2,5.85,3.236985356,0.335305256,0.222454545454545,0.00179590852976727,0.0701017296949152,0.0335974566901553
"26","DeS2InCp1d60","DeS2In","De",2,"In","C",1,60,50.7615487,-3.8498488,21.479194,17.1,17.3,5.85,3.907595868,0.380442502,NA,0.000386053705379813,0.0409064071435171,0.0136448135526804
"27","DeS2InCp2d0","DeS2In","De",2,"In","C",2,0,50.7615208,-3.8499759,21.479194,44.4,16.9,5.86,3.875354978,0.373994324,0.158545454545455,0.00241642637752926,0.0704188209529743,0.0381870767880637
"28","DeS2InCp2d60","DeS2In","De",2,"In","C",2,60,50.7615208,-3.8499759,21.479194,19.2,17.3,5.86,3.204744466,0.341753434,NA,0.00101640129422559,0.0409240290992523,0.0294786270194735
"29","DeS2InCp3d0","DeS2In","De",2,"In","C",3,0,50.7615278,-3.8499441,21.479194,49.7,17.3,5.6,3.430430696,0.361097968,0.398181818181818,0.00240715492710669,0.0402723302164358,0.0375456122528673
"30","DeS2InCp3d60","DeS2In","De",2,"In","C",3,60,50.7615278,-3.8499441,21.479194,22,17.3,5.6,3.391741628,0.35464979,NA,0.000697635812234561,0.0537672492277288,0.0192395386290235
"31","DeS2InDp1d0","DeS2In","De",2,"In","D",1,0,50.7615417,-3.8498806,21.479194,29.6,16.7,5.92,3.430430696,0.35464979,0.193636363636364,0.00198645597586623,0.0734269799768165,0.0371943728600571
"32","DeS2InDp1d60","DeS2In","De",2,"In","D",1,60,50.7615417,-3.8498806,21.479194,12.8,17.2,5.92,3.108021796,0.335305256,NA,0.000675857607142682,0.0352454994243852,0.0238252188659875
"33","DeS2InDp2d0","DeS2In","De",2,"In","D",2,0,50.7615138,-3.8500077,21.479194,34.3,17.3,5.75,3.456223408,0.341753434,0.200727272727273,0.000988813099457445,0.0707904470561586,0.0284201159033055
"34","DeS2InDp2d60","DeS2In","De",2,"In","D",2,60,50.7615138,-3.8500077,21.479194,21.9,18.3,5.75,3.67546146,0.367546146,NA,0.0010869099764288,0.0535181513818654,0.0181669681680064
"35","DeS2InDp3d0","DeS2In","De",2,"In","D",3,0,50.7615347,-3.8499123,21.479194,29.8,17.6,5.51,3.720598706,0.361097968,0.208272727272727,0.00152417116176695,0.0676719650855942,0.0341663879676792
"36","DeS2InDp3d60","DeS2In","De",2,"In","D",3,60,50.7615347,-3.8499123,21.479194,17.4,17.5,5.51,3.456223408,0.348201612,NA,0.000910292290081398,0.0385265385614253,0.00799432606906275
"37","DeS3ExCp1d0","DeS3Ex","De",3,"Ex","C",1,0,50.7738604,-3.9106525,39.305957,48.9,19.3,5.44,3.55279158,0.34467381,0.22,0.000404998496715384,0.11025278515487,0.0509014888312191
"38","DeS3ExCp1d60","DeS3Ex","De",3,"Ex","C",1,60,50.7738604,-3.9106525,39.305957,28.2,18.3,5.44,4.36586826,0.42421392,NA,0.00191228535735715,0.0986084928167981,0.0532651306372452
"39","DeS3ExCp2d0","DeS3Ex","De",3,"Ex","C",2,0,50.7738331,-3.9106945,39.305957,54.4,17.2,5.73,3.72954738,0.36234939,0.161636363636364,0.00090997960419036,0.0716085523804848,0.0327094600406028
"40","DeS3ExCp2d60","DeS3Ex","De",3,"Ex","C",2,60,50.7738331,-3.9106945,39.305957,36.6,18.3,5.73,4.29516594,0.40653834,NA,0.00161895319742091,0.0971549959308839,0.0320702914196412
"41","DeS3ExCp3d0","DeS3Ex","De",3,"Ex","C",3,0,50.7738597,-3.9107376,39.305957,47.3,19,5.64,3.13741545,0.31816044,0.179636363636364,0.000942909423890602,0.193459746516915,0.0591782416020344
"42","DeS3ExCp3d60","DeS3Ex","De",3,"Ex","C",3,60,50.7738597,-3.9107376,39.305957,32.8,17.4,5.64,3.78257412,0.38002497,NA,0.00762678523882114,0.133685589369588,0.0480080782479181
"43","DeS3ExDp1d0","DeS3Ex","De",3,"Ex","D",1,0,50.7738606,-3.9106313,39.305957,22.4,22.5,5.64,2.95182186,0.28280928,0.167636363636364,0.000716653417062378,0.0903648622766887,0.0374699712388791
"44","DeS3ExDp1d60","DeS3Ex","De",3,"Ex","D",1,60,50.7738606,-3.9106313,39.305957,33.1,18.8,5.64,4.56913743,0.43305171,NA,0.000914737540632881,0.0699457131168099,0.0233588593687431
"45","DeS3ExDp2d0","DeS3Ex","De",3,"Ex","D",2,0,50.7738333,-3.9106733,39.305957,19,21.1,5.74,3.14625324,0.30048486,0.427454545454545,0.000717785008511863,0.0922350857454986,0.0442702147846169
"46","DeS3ExDp2d60","DeS3Ex","De",3,"Ex","D",2,60,50.7738333,-3.9106733,39.305957,26.7,18.2,5.74,3.86211423,0.38002497,NA,0.00107107426647596,0.0744856841957962,0.0233179657591772
"47","DeS3ExDp3d0","DeS3Ex","De",3,"Ex","D",3,0,50.7738599,-3.9107163,39.305957,18,21.8,5.74,2.7397149,0.27397149,0.222090909090909,0.000918113230808769,0.123051158566527,0.0335874429116346
"48","DeS3ExDp3d60","DeS3Ex","De",3,"Ex","D",3,60,50.7738599,-3.9107163,39.305957,23.4,18.3,5.74,3.72954738,0.37118718,NA,0.000677459991387089,0.107501016154301,0.031281684455912
"49","DeS3InCp1d0","DeS3In","De",3,"In","C",1,0,50.7784685,-3.9089165,52.950686,45.7,20.2,5.95,4.05727062,0.41228616,0.313818181818182,0.00161089935530605,0.051238117364549,0.0288506278060194
"50","DeS3InCp1d60","DeS3In","De",3,"In","C",1,60,50.7784685,-3.9089165,52.950686,24.9,19.3,5.95,4.24467342,0.39354588,NA,0.00146707175173956,0.0759530942142067,0.0252681564330349
"51","DeS3InCp2d0","DeS3In","De",3,"In","C",2,0,50.7784414,-3.9089302,52.950686,40.2,18.4,6.39,3.29828928,0.34669518,0.270363636363636,0.00131545866482648,0.0424353512768389,0.0214819338915539
"52","DeS3InCp2d60","DeS3In","De",3,"In","C",2,60,50.7784414,-3.9089302,52.950686,27.6,19,6.39,3.99167964,0.40291602,NA,0.00306024957196417,0.0432214008609735,0.018323506638809
"53","DeS3InCp3d0","DeS3In","De",3,"In","C",3,0,50.7784509,-3.9088736,52.950686,47.7,18.8,6.05,3.10151634,0.30921462,0.193545454545455,0.00190353881136131,0.0398056551095018,0.0159731171767454
"54","DeS3InCp3d60","DeS3In","De",3,"In","C",3,60,50.7784509,-3.9088736,52.950686,22.9,18.7,6.05,3.19521774,0.31858476,NA,0.00184691269656555,0.0666860392756536,0.0151444657528953
"55","DeS3InDp1d0","DeS3In","De",3,"In","D",1,0,50.7784596,-3.9089022,52.950686,21.5,21.1,6.02,5.49090204,0.5153577,0.149818181818182,0.0013707386256607,0.0556147048271863,0.040180564417946
"56","DeS3InDp1d60","DeS3In","De",3,"In","D",1,60,50.7784596,-3.9089022,52.950686,33.6,19,6.02,4.1228616,0.4216563,NA,0.00164527088603207,0.0529595923684193,0.0181829923615858
"57","DeS3InDp2d0","DeS3In","De",3,"In","D",2,0,50.7784503,-3.9089445,52.950686,18.6,18.5,5.82,3.9823095,0.40291602,0.139454545454545,0.00105796992847233,0.0368624161870507,0.0354675337303762
"58","DeS3InDp2d60","DeS3In","De",3,"In","D",2,60,50.7784503,-3.9089445,52.950686,37.4,18.6,5.82,4.7787714,0.45913686,NA,0.00125621429064209,0.0486492918482153,0.0226881878417361
"59","DeS3InDp3d0","DeS3In","De",3,"In","D",3,0,50.7784416,-3.9089018,52.950686,34,18.2,5.72,3.77616642,0.38417574,0.151454545454545,0.00131745674485909,0.0466006890292287,0.0274607313912136
"60","DeS3InDp3d60","DeS3In","De",3,"In","D",3,60,50.7784416,-3.9089018,52.950686,35.9,18.9,5.72,4.61947902,0.45913686,NA,0.00116299259775168,0.0301792825208231,0.014220548886924
"61","DeS4ExCp1d0","DeS4Ex","De",4,"Ex","C",1,0,50.9260211,-4.3557227,21.063001,67.1,18.2,5.49,3.312618672,0.338790546,0.160818181818182,0.00101599172836663,0.123359233198398,0.0435172141504106
"62","DeS4ExCp1d60","DeS4Ex","De",4,"Ex","C",1,60,50.9260211,-4.3557227,21.063001,46,17.7,5.49,2.835802348,0.307421051,NA,0.00102803690152785,0.084298011032698,0.0262864809825412
"63","DeS4ExCp2d0","DeS4Ex","De",4,"Ex","C",2,0,50.9260277,-4.3556944,21.063001,64.5,17.3,5.28,3.155771197,0.326242748,0.142181818181818,0.00244374971633625,0.0724911517975514,0.0429624163375916
"64","DeS4ExCp2d60","DeS4Ex","De",4,"Ex","C",2,60,50.9260277,-4.3556944,21.063001,49,17,5.28,3.155771197,0.31369495,NA,0.00111958221584066,0.0220521565223477,0.00618926034131458
"65","DeS4ExCp3d0","DeS4Ex","De",4,"Ex","C",3,0,50.9260609,-4.355546,21.063001,61.3,17.7,5.27,3.463192248,0.357612243,0.138363636363636,0.000423912859459612,0.139390906523503,0.0368845309177906
"66","DeS4ExCp3d60","DeS4Ex","De",4,"Ex","C",3,60,50.9260609,-4.355546,21.063001,46.2,17.9,5.27,3.187140692,0.332516647,NA,0.000204769534276746,0.0809910890018385,0.0347012775402533
"67","DeS4ExDp1d0","DeS4Ex","De",4,"Ex","D",1,0,50.9260354,-4.3557302,21.063001,47.7,18.1,5.44,3.651409218,0.363886142,0.218636363636364,0.000635562693364025,0.124046492444474,0.0409435510072752
"68","DeS4ExDp1d60","DeS4Ex","De",4,"Ex","D",1,60,50.9260354,-4.3557302,21.063001,48.5,18.2,5.44,3.036567116,0.288599354,NA,0.000315773776706428,0.0551216984853852,0.0303130912210347
"69","DeS4ExDp2d0","DeS4Ex","De",4,"Ex","D",2,0,50.9260447,-4.3557056,21.063001,43.7,20,5.14,5.345361948,0.539555314,0.191090909090909,0.00076504059614517,0.101035407986091,0.0455994730890771
"70","DeS4ExDp2d60","DeS4Ex","De",4,"Ex","D",2,60,50.9260447,-4.3557056,21.063001,48.9,18,5.14,3.996473663,0.395255637,NA,0,0.108727687436731,0.0351635595112068
"71","DeS4ExDp3d0","DeS4Ex","De",4,"Ex","D",3,0,50.9260779,-4.3555572,21.063001,28.6,19,5.28,3.983925865,0.382707839,0.106545454545455,0.000664357633358982,0.111424831053889,0.0756280190058499
"72","DeS4ExDp3d60","DeS4Ex","De",4,"Ex","D",3,60,50.9260779,-4.3555572,21.063001,50.4,18,5.28,3.318892571,0.345064445,NA,0.000490333136820816,0.110927132662703,0.0358829815894068
"73","DeS4InCp1d0","DeS4In","De",4,"In","C",1,0,50.9264655,-4.3554269,28.239682,59.9,19.4,5.64,2.888743284,0.320971476,0.230181818181818,0.0009502178994709,0.0396358651850596,0.0309209344637801
"74","DeS4InCp1d60","DeS4In","De",4,"In","C",1,60,50.9264655,-4.3554269,28.239682,48.8,18.1,5.64,3.270852184,0.34389801,NA,0.000569322387010205,0.0388267962431641,0.00974931160582226
"75","DeS4InCp2d0","DeS4In","De",4,"In","C",2,0,50.9264719,-4.3553886,28.239682,55.9,19.7,5.61,3.026302488,0.320971476,0.358272727272727,0.00152476283947525,0.0909678195624279,0.038702531497569
"76","DeS4InCp2d60","DeS4In","De",4,"In","C",2,60,50.9264719,-4.3553886,28.239682,41.3,18.4,5.61,2.919311996,0.320971476,NA,0.000781367810855195,0.0846668358175382,0.0341602118713084
"77","DeS4InCp3d0","DeS4In","De",4,"In","C",3,0,50.9264784,-4.3553504,28.239682,60,20.6,5.99,3.347273964,0.34389801,0.196727272727273,0.000877656893274731,0.099236760568756,0.0412889818185838
"78","DeS4InCp3d60","DeS4In","De",4,"In","C",3,60,50.9264784,-4.3553504,28.239682,43.9,18.3,5.99,2.758826258,0.30568712,NA,0.00211501243246156,0.0371914515520784,0.0138046282008376
"79","DeS4InDp1d0","DeS4In","De",4,"In","D",1,0,50.9264852,-4.3554345,28.239682,38.7,19.3,5.98,3.507759702,0.351540188,0.326272727272727,0.00109559977533734,0.0391788973789719,0.0353270698625169
"80","DeS4InDp1d60","DeS4In","De",4,"In","D",1,60,50.9264852,-4.3554345,28.239682,45.1,18.2,5.98,3.59182366,0.374466722,NA,0.00103422621435224,0.0390760798109411,0.023235367672203
"81","DeS4InDp2d0","DeS4In","De",4,"In","D",2,0,50.9264916,-4.3553963,28.239682,38.4,20.2,5.79,6.121384578,0.42031979,0.344818181818182,0.000994468578742105,0.050587654776499,0.0325423175043654
"82","DeS4InDp2d60","DeS4In","De",4,"In","D",2,60,50.9264916,-4.3553963,28.239682,46.4,18,5.79,3.033944666,0.298044942,NA,0.00113956194988284,0.0399670580431568,0.0307599311235912
"83","DeS4InDp3d0","DeS4In","De",4,"In","D",3,0,50.9264981,-4.3553581,28.239682,37.1,19.2,5.21,3.786699199,0.370645633,0.166090909090909,0.00138549441467872,0.0346029909584999,0.0265610802835309
"84","DeS4InDp3d60","DeS4In","De",4,"In","D",3,60,50.9264981,-4.3553581,28.239682,46.6,17.9,5.21,3.316705252,0.359182366,NA,0.00168933857050508,0.0370193836124382,0.0254918854459923
"85","DeS5ExCp1d0","DeS5Ex","De",5,"Ex","C",1,0,50.9509443,-4.2970839,18.322372,57,24.2,5.25,3.381593231,0.30355415,0.120636363636364,0.000538559045486192,0.0315141316506941,0.0218438624457149
"86","DeS5ExCp1d60","DeS5Ex","De",5,"Ex","C",1,60,50.9509443,-4.2970839,18.322372,43.3,19.6,5.25,3.369451065,0.297483067,NA,0,0.0490113006025985,0.0360832237002046
"87","DeS5ExCp2d0","DeS5Ex","De",5,"Ex","C",2,0,50.9509282,-4.2971085,18.322372,58.4,22.8,5.4,3.260171571,0.291411984,0.153,0.000478248488575011,0.0534493054523982,0.0401371565755098
"88","DeS5ExCp2d60","DeS5Ex","De",5,"Ex","C",2,60,50.9509282,-4.2971085,18.322372,43.8,19.3,5.4,3.33909565,0.309625233,NA,0,0.0328110385110897,0.023946067184891
"89","DeS5ExCp3d0","DeS5Ex","De",5,"Ex","C",3,0,50.9509033,-4.2970836,18.322372,58.1,22.2,5.32,3.235887239,0.291411984,0.108363636363636,0.00101467641930995,0.0763238878141423,0.0306335812943544
"90","DeS5ExCp3d60","DeS5Ex","De",5,"Ex","C",3,60,50.9509033,-4.2970836,18.322372,43.2,19.4,5.32,3.569796804,0.327838482,NA,0,0.0539996674663454,0.0314383365038759
"91","DeS5ExDp1d0","DeS5Ex","De",5,"Ex","D",1,0,50.9509551,-4.2971017,18.322372,32.2,22.8,4.83,3.673005215,0.321767399,0.185636363636364,0.000217079473389452,0.0823155410299521,0.0318195065171952
"92","DeS5ExDp1d60","DeS5Ex","De",5,"Ex","D",1,60,50.9509551,-4.2971017,18.322372,32,18.8,4.83,3.193389658,0.315696316,NA,0,0.0377007935880605,0.0282442335597294
"93","DeS5ExDp2d0","DeS5Ex","De",5,"Ex","D",2,0,50.950939,-4.2971263,18.322372,30.8,24.6,5.04,3.745858211,0.309625233,0.155727272727273,0.000441362262751895,0.0817439604898873,0.0325867330604984
"94","DeS5ExDp2d60","DeS5Ex","De",5,"Ex","D",2,60,50.950939,-4.2971263,18.322372,30.5,20,5.04,3.065896915,0.279269818,NA,0,0.0625229937325884,0.0392189875440078
"95","DeS5ExDp3d0","DeS5Ex","De",5,"Ex","D",3,0,50.9508909,-4.2970633,18.322372,27.2,24.6,5.35,3.411948646,0.309625233,0.0976363636363636,0.000662284987659718,0.0673695091517078,0.0323907212293587
"96","DeS5ExDp3d60","DeS5Ex","De",5,"Ex","D",3,60,50.9508909,-4.2970633,18.322372,38.9,19.6,5.35,3.436232978,0.321767399,NA,0,0.0279183865925628,0.0235740236811065
"97","DeS5InCp1d0","DeS5In","De",5,"In","C",1,0,50.9521939,-4.2967998,23.013977,54.3,23.2,6.39,1.936507188,0.201195552,0.266636363636364,0.000474722660246791,0.109447821251295,0.0738557917221581
"98","DeS5InCp1d60","DeS5In","De",5,"In","C",1,60,50.9521939,-4.2967998,23.013977,43.5,17.7,6.39,2.506561252,0.217961848,NA,0,0.0557798684882331,0.0130114078296534
"99","DeS5InCp2d0","DeS5In","De",5,"In","C",2,0,50.9521942,-4.2967713,23.013977,54.6,26,6.38,3.135297352,0.285027032,0.212727272727273,0.000947250700611149,0.0507189324286398,0.0269662117208215
"100","DeS5InCp2d60","DeS5In","De",5,"In","C",2,60,50.9521942,-4.2967713,23.013977,40.7,18.3,6.38,2.271833108,0.243111292,NA,0,0.0424734825326427,0.0177922865427091
"101","DeS5InCp3d0","DeS5In","De",5,"In","C",3,0,50.9521947,-4.2967215,23.013977,60.9,24.1,5.94,3.747267156,0.352092216,0.189818181818182,0.00202405768986476,0.0891685061250958,0.0412340040404866
"102","DeS5InCp3d60","DeS5In","De",5,"In","C",3,60,50.9521947,-4.2967215,23.013977,53.2,18.1,5.94,3.873014376,0.368858512,NA,0,0.0446780659757786,0.0174439231466878
"103","DeS5InDp1d0","DeS5In","De",5,"In","D",1,0,50.9521936,-4.2968211,23.013977,30.5,23.2,6.32,3.378408644,0.326942772,0.407545454545455,0.0016615715995666,0.046626009218055,0.022784593444944
"104","DeS5InDp1d60","DeS5In","De",5,"In","D",1,60,50.9521936,-4.2968211,23.013977,48.1,17.5,6.32,3.1436805,0.310176476,NA,0,0.0267768056165595,0.00951498308238316
"105","DeS5InDp2d0","DeS5In","De",5,"In","D",2,0,50.9521944,-4.29675,23.013977,35.6,21.5,5.92,3.805949192,0.343709068,0.260363636363636,0.00122307817615819,0.060354399590324,0.0173633939310295
"106","DeS5InDp2d60","DeS5In","De",5,"In","D",2,60,50.9521944,-4.29675,23.013977,45.8,18.6,5.92,3.445473828,0.33532592,NA,0,0.036907477582819,0.0180876200523616
"107","DeS5InDp3d0","DeS5In","De",5,"In","D",3,0,50.952195,-4.2967001,23.013977,40.2,20.7,6.34,1.869442004,0.201195552,0.189181818181818,0.001773698803524,0.0439156734239484,0.0533838756625074
"108","DeS5InDp3d60","DeS5In","De",5,"In","D",3,60,50.952195,-4.2967001,23.013977,44.2,18.4,6.34,2.380814032,0.285027032,NA,0,0.0433604715679605,0.0158920258211151
"109","ScS1ExCp1d0","ScS1Ex","Sc",1,"Ex","C",1,0,56.6989122,-3.4961681,54.557193,70.3,16.1,5.75,1.526995497,0.103776393,0.0659090909090909,0.000134374975105654,0.0832194209662463,0.0116818041117455
"110","ScS1ExCp1d60","ScS1Ex","Sc",1,"Ex","C",1,60,56.6989122,-3.4961681,54.557193,69.7,11.9,5.75,2.050819195,0.153193723,NA,0.000141841202450295,0.091944889933391,0.00896130315919729
"111","ScS1ExCp2d0","ScS1Ex","Sc",1,"Ex","C",2,0,56.6988223,-3.4961833,54.557193,63.9,15.7,4.46,4.457443166,0.350863043,0.148727272727273,0.000711151461631853,0.0681206327612549,0.0240749293536505
"112","ScS1ExCp2d60","ScS1Ex","Sc",1,"Ex","C",2,60,56.6988223,-3.4961833,54.557193,61.9,11.2,4.46,3.16270912,0.271795315,NA,0.00050249975975745,0.0977045091522678,0.0214004899214375
"113","ScS1ExCp3d0","ScS1Ex","Sc",1,"Ex","C",3,0,56.6987956,-3.4961176,54.557193,62.3,16.6,5.02,3.75571708,0.306387446,0.116090909090909,0.000282046242064975,0.0957023171067736,0.0216964711053245
"114","ScS1ExCp3d60","ScS1Ex","Sc",1,"Ex","C",3,60,56.6987956,-3.4961176,54.557193,69.4,10.2,5.02,3.103408324,0.266853582,NA,0.000348538891222996,0.138511113233237,0.0285838897263805
"115","ScS1ExDp1d0","ScS1Ex","Sc",1,"Ex","D",1,0,56.6989124,-3.4961191,54.557193,37.2,16.3,5.31,4.205414783,0.286620514,0.0848181818181818,0.000167468337136165,0.158844424997127,0.026678184781967
"116","ScS1ExDp1d60","ScS1Ex","Sc",1,"Ex","D",1,60,56.6989124,-3.4961191,54.557193,66.1,12.3,5.31,1.714781351,0.118601592,NA,0.000100179391022614,0.159013420892669,0.0236272134181569
"117","ScS1ExDp2d0","ScS1Ex","Sc",1,"Ex","D",2,0,56.6988341,-3.4961491,54.557193,22.4,17.4,5,4.951616466,0.415105572,0.105727272727273,0.00048498061909787,0.122264840253836,0.0226340552289601
"118","ScS1ExDp2d60","ScS1Ex","Sc",1,"Ex","D",2,60,56.6988341,-3.4961491,54.557193,58.9,11,5,2.110119991,0.202611053,NA,0.00067909726072284,0.105626932116504,0.0130808843003515
"119","ScS1ExDp3d0","ScS1Ex","Sc",1,"Ex","D",3,0,56.6987865,-3.4961501,54.557193,15.2,17.2,5.57,5.475440164,0.449697703,0.0650909090909091,0.00207802898200816,0.168081161157688,0.041822255994854
"120","ScS1ExDp3d60","ScS1Ex","Sc",1,"Ex","D",3,60,56.6987865,-3.4961501,54.557193,60,11,5.57,3.093524858,0.276737048,NA,0.00112654053128264,0.0828850674366367,0.0601611088302146
"121","ScS1InCp1d0","ScS1In","Sc",1,"In","C",1,0,56.6980288,-3.4955441,58.540566,63.6,19,6.26,3.184445427,0.269972252,0.240181818181818,0.0019735183333393,0.0295823438728686,0.0157095839766861
"122","ScS1InCp1d60","ScS1In","Sc",1,"In","C",1,60,56.6980288,-3.4955441,58.540566,61.8,12.8,6.26,3.755068596,0.312922383,NA,0.00213827581522061,0.0231214705346087,0.0133038160511149
"123","ScS1InCp2d0","ScS1In","Sc",1,"In","C",2,0,56.6980291,-3.4954788,58.540566,60.5,15.7,6.21,3.663032601,0.312922383,0.277363636363636,0.000460293782950806,0.0437416827905935,0.0191912829098546
"124","ScS1InCp2d60","ScS1In","Sc",1,"In","C",2,60,56.6980291,-3.4954788,58.540566,66.9,13.3,6.21,3.62008247,0.380415446,NA,0.00335048105614775,0.0251587633244439,0.0127103526039301
"125","ScS1InCp3d0","ScS1In","Sc",1,"In","C",3,0,56.698029,-3.4955115,58.540566,59.7,18.3,6.11,5.945525277,0.435637043,0.342727272727273,0.0016337343936512,0.0609694226732263,0.0174247292552203
"126","ScS1InCp3d60","ScS1In","Sc",1,"In","C",3,60,56.698029,-3.4955115,58.540566,59.9,12.9,6.11,3.135359563,0.257700786,NA,0.00195813259090909,0.0317954265830796,0.0122815446316185
"127","ScS1InDp1d0","ScS1In","Sc",1,"In","D",1,0,56.6980468,-3.4955444,58.540566,24.8,18.7,5.99,3.877783256,0.30678665,0.158818181818182,0.00171772169142715,0.0476713119277219,0.0228655291064133
"128","ScS1InDp1d60","ScS1In","Sc",1,"In","D",1,60,56.6980468,-3.4955444,58.540566,58.3,12.1,5.99,3.301024354,0.282243718,NA,0.00170937413528021,0.031491740609626,0.00964395147457562
"129","ScS1InDp2d0","ScS1In","Sc",1,"In","D",2,0,56.6980471,-3.495479,58.540566,21.5,16.6,6.12,4.086398178,0.343601048,0.295454545454545,0.00310106021789367,0.0481964897189781,0.0243634736044636
"130","ScS1InDp2d60","ScS1In","Sc",1,"In","D",2,60,56.6980471,-3.495479,58.540566,58.8,12.7,6.12,4.196841372,0.36814398,NA,0.00230071922368089,0.0396505034403902,0.0111374504552398
"131","ScS1InDp3d0","ScS1In","Sc",1,"In","D",3,0,56.6980469,-3.4955117,58.540566,23.3,19,6.25,3.982090717,0.349736781,0.143090909090909,0.00318375012524851,0.057974742214724,0.0214938337322844
"132","ScS1InDp3d60","ScS1In","Sc",1,"In","D",3,60,56.6980469,-3.4955117,58.540566,57.4,13.4,6.25,3.515775009,0.319058116,NA,0.00175144846387212,0.0301361258493591,0.0153377954234407
"133","ScS2ExCp1d0","ScS2Ex","Sc",2,"Ex","C",1,0,56.7380693,-3.4004082,58.093075,58.6,19.5,4.6,8.70868572,0.57761691,0.0780909090909091,0.00026552605032,0.0975859164611633,0.0347967775433434
"134","ScS2ExCp1d60","ScS2Ex","Sc",2,"Ex","C",1,60,56.7380693,-3.4004082,58.093075,68.5,13.9,4.6,6.32416463,0.42951001,NA,0.00103714040188243,0.049710574771854,0.0215247834570039
"135","ScS2ExCp2d0","ScS2Ex","Sc",2,"Ex","C",2,0,56.7381339,-3.4004252,58.093075,63.1,20.4,4.85,7.072104475,0.422104665,0.0627272727272727,0.00072870027976275,0.074604854040209,0.0348182950889981
"136","ScS2ExCp2d60","ScS2Ex","Sc",2,"Ex","C",2,60,56.7381339,-3.4004252,58.093075,75.9,14.2,4.85,8.13106881,0.51837415,NA,0.00014179974243487,0.105743350827118,0.0434603085755389
"137","ScS2ExCp3d0","ScS2Ex","Sc",2,"Ex","C",3,0,56.7381519,-3.4004303,58.093075,61.2,19.2,4.35,6.301948595,0.42951001,0.115545454545455,0.00052006486803653,0.116185744995057,0.0705126433985691
"138","ScS2ExCp3d60","ScS2Ex","Sc",2,"Ex","C",3,60,56.7381519,-3.4004303,58.093075,67,14.5,4.35,7.279454135,0.48875277,NA,0.000669496012457149,0.122027682720539,0.0435045841805283
"139","ScS2ExDp1d0","ScS2Ex","Sc",2,"Ex","D",1,0,56.7380665,-3.4004409,58.093075,18,22.9,5.06,6.553730325,0.4443207,0.0951818181818182,0.0013332476531491,0.0862244571279234,0.0221681026167611
"140","ScS2ExDp1d60","ScS2Ex","Sc",2,"Ex","D",1,60,56.7380665,-3.4004409,58.093075,51.7,16.5,5.06,5.679899615,0.41469932,NA,0.000323979705195167,0.0611198630366663,0.032860189434143
"141","ScS2ExDp2d0","ScS2Ex","Sc",2,"Ex","D",2,0,56.7381293,-3.4004579,58.093075,14.7,23.9,4.73,5.58363013,0.362861905,0.0840909090909091,0.000394488242768617,0.0781745154548135,0.038105491595058
"142","ScS2ExDp2d60","ScS2Ex","Sc",2,"Ex","D",2,60,56.7381293,-3.4004579,58.093075,42,15.3,4.73,7.00545637,0.510968805,NA,0.000236685992990079,0.0374219786100607,0.0283648230648865
"143","ScS2ExDp3d0","ScS2Ex","Sc",2,"Ex","D",3,0,56.7381518,-3.400463,58.093075,18,20.5,4.6,9.663975225,0.65167036,0.0839090909090909,0.000298645806960514,0.0648569187184971,0.0172128980609352
"144","ScS2ExDp3d60","ScS2Ex","Sc",2,"Ex","D",3,60,56.7381518,-3.400463,58.093075,39.6,14.8,4.6,6.064977555,0.436915355,NA,0.000815100285503687,0.0441986456485229,0.0275226735643022
"145","ScS2InCp1d0","ScS2In","Sc",2,"In","C",1,0,56.7378126,-3.4003254,41.928166,62.5,17.5,5.21,5.80492171,0.42309925,0.186090909090909,0.00183983820088542,0.0534341757023944,0.0256707033026095
"146","ScS2InCp1d60","ScS2In","Sc",2,"In","C",1,60,56.7378126,-3.4003254,41.928166,67.4,14.6,5.21,4.92487527,0.363865355,NA,0.000918595397373059,0.0549338536050449,0.0152216906515008
"147","ScS2InCp2d0","ScS2In","Sc",2,"In","C",2,0,56.7377883,-3.4003513,41.928166,61.7,17.8,5.13,5.762611785,0.414637265,0.199545454545455,0.000377141062602564,0.064259536568136,0.0269568809383158
"148","ScS2InCp2d60","ScS2In","Sc",2,"In","C",2,60,56.7377883,-3.4003513,41.928166,63.9,13.7,5.13,4.28176441,0.330017415,NA,0.00056963130337132,0.0486170868816527,0.0168655836772164
"149","ScS2InCp3d0","ScS2In","Sc",2,"In","C",3,0,56.7378079,-3.4003907,41.928166,65.1,18.1,5.19,2.80937902,0.177701685,0.209818181818182,0.000946666228679523,0.0429916814565186,0.0316708650656265
"150","ScS2InCp3d60","ScS2In","Sc",2,"In","C",3,60,56.7378079,-3.4003907,41.928166,68.8,13.8,5.19,4.036366845,0.313093445,NA,0.000225733890471621,0.0278024348418683,0.0202782900636638
"151","ScS2InDp1d0","ScS2In","Sc",2,"In","D",1,0,56.7377902,-3.4003186,41.928166,28.5,19.7,5.5,5.53413819,0.397713295,0.282363636363636,0.000788137618411961,0.0416823040242022,0.0260692782648582
"152","ScS2InDp1d60","ScS2In","Sc",2,"In","D",1,60,56.7377902,-3.4003186,41.928166,64.4,14.9,5.5,4.374846245,0.35540337,NA,0.00147850154286486,0.0309658759086927,0.0111923999024558
"153","ScS2InDp2d0","ScS2In","Sc",2,"In","D",2,0,56.7378107,-3.4003581,41.928166,26.4,19.7,5.14,5.95723744,0.414637265,0.152545454545455,0.000592273151563291,0.0420869220600791,0.02179447945386
"154","ScS2InDp2d60","ScS2In","Sc",2,"In","D",2,60,56.7378107,-3.4003581,41.928166,58.7,13.8,5.14,4.28176441,0.30463146,NA,0.000772625182904253,0.0537251382264175,0.0229846182800367
"155","ScS2InDp3d0","ScS2In","Sc",2,"In","D",3,0,56.7377855,-3.4003839,41.928166,38.8,16.4,5.57,7.56501459,0.54156704,0.172454545454545,0.001724938409516,0.0660113521850575,0.0400272449159794
"156","ScS2InDp3d60","ScS2In","Sc",2,"In","D",3,60,56.7377855,-3.4003839,41.928166,65.8,13.9,5.57,4.19714456,0.363865355,NA,0.00171528984896211,0.0453220765735438,0.0178083798739883
"157","ScS3ExCp1d0","ScS3Ex","Sc",3,"Ex","C",1,0,56.7486329,-3.40254,54.289666,60.8,17.2,4.49,8.68465668,0.74295651,0.0984545454545454,0.00182087607582616,0.0384094451495944,0.0252062087332616
"158","ScS3ExCp1d60","ScS3Ex","Sc",3,"Ex","C",1,60,56.7486329,-3.40254,54.289666,46.1,12.9,4.49,8.52596694,0.72853017,NA,0.000691239788279225,0.066038244798024,0.0323058500448249
"159","ScS3ExCp2d0","ScS3Ex","Sc",3,"Ex","C",2,0,56.74866,-3.4024912,54.289666,58.6,17.5,4.53,4.84725024,0.37508484,0.260181818181818,0.00112539243381695,0.0326761717814193,0.0268780694958577
"160","ScS3ExCp2d60","ScS3Ex","Sc",3,"Ex","C",2,60,56.74866,-3.4024912,54.289666,59.1,12.8,4.53,4.6164288,0.36787167,NA,0.000940685302935352,0.0497139672722152,0.0221918151883871
"161","ScS3ExCp3d0","ScS3Ex","Sc",3,"Ex","C",3,0,56.7486465,-3.4025156,54.289666,50.1,16.9,4.58,8.59088547,0.56984043,0.169272727272727,0.000648827140288684,0.0358367675095941,0.0235590741307995
"162","ScS3ExCp3d60","ScS3Ex","Sc",3,"Ex","C",3,60,56.7486465,-3.4025156,54.289666,57.1,12.7,4.58,6.12398133,0.51934824,NA,0.000950696288622626,0.0666762168714786,0.0416742774784116
"163","ScS3ExDp1d0","ScS3Ex","Sc",3,"Ex","D",1,0,56.7486172,-3.402511,54.289666,8.1,19.6,5.71,8.98760982,0.721317,0.0944545454545455,0.00211401289358356,0.0510371783461319,0.0291725940241774
"164","ScS3ExDp1d60","ScS3Ex","Sc",3,"Ex","D",1,60,56.7486172,-3.402511,54.289666,26.3,13.8,5.71,7.32136755,0.5770536,NA,0.00125265674846845,0.023617598493781,0.020305934702103
"165","ScS3ExDp2d0","ScS3Ex","Sc",3,"Ex","D",2,0,56.7486443,-3.4024623,54.289666,9.9,19.9,4.52,4.27740981,0.34623216,0.0247272727272727,0.00245723647987262,0.0707037426360052,0.0350318816416071
"166","ScS3ExDp2d60","ScS3Ex","Sc",3,"Ex","D",2,60,56.7486443,-3.4024623,54.289666,30.3,12.9,4.52,7.5738285,0.6491853,NA,0.00235361758481552,0.0665379108119137,0.0386705798564661
"167","ScS3ExDp3d0","ScS3Ex","Sc",3,"Ex","D",3,0,56.7486308,-3.4024867,54.289666,14.7,17.6,4.73,3.52002696,0.2885268,0.127636363636364,0.00202327042396941,0.0452167117935876,0.0309103324578003
"168","ScS3ExDp3d60","ScS3Ex","Sc",3,"Ex","D",3,60,56.7486308,-3.4024867,54.289666,40.2,13.4,4.73,9.17515224,0.77180919,NA,0.000265733281495231,0.0780616774885353,0.0308093532706838
"169","ScS3InCp1d0","ScS3In","Sc",3,"In","C",1,0,56.7487017,-3.4023756,47.580019,59.1,15,6.55,3.793088293,0.279014447,0.267090909090909,0.00193664270432291,0.0411954791981268,0.0239692662539281
"170","ScS3InCp1d60","ScS3In","Sc",3,"In","C",1,60,56.7487017,-3.4023756,47.580019,63.8,12.6,6.55,5.497338699,0.505242377,NA,0.00227123261771442,0.0467886984263271,0.00747962226439183
"171","ScS3InCp2d0","ScS3In","Sc",3,"In","C",2,0,56.7487151,-3.4024002,47.580019,65.1,15.3,5.74,4.67537722,0.392128412,0.394363636363636,0.00251925327434409,0.0381768237663641,0.0173786337967809
"172","ScS3InCp2d60","ScS3In","Sc",3,"In","C",2,60,56.7487151,-3.4024002,47.580019,67.9,12.2,5.74,5.738648491,0.482619584,NA,0.00220071466800781,0.0275529065787969,0.0172729447777781
"173","ScS3InCp3d0","ScS3In","Sc",3,"In","C",3,0,56.7487419,-3.4024496,47.580019,63.9,15,5.82,8.513711099,0.723929376,0.274636363636364,0.00260948111780818,0.0285143529132797,0.0164354391985975
"174","ScS3InCp3d60","ScS3In","Sc",3,"In","C",3,60,56.7487419,-3.4024496,47.580019,65.2,12.4,5.82,5.625534526,0.490160515,NA,0.00260117133491532,0.03495351847744,0.0157914975542047
"175","ScS3InDp1d0","ScS3In","Sc",3,"In","D",1,0,56.7486884,-3.4023509,47.580019,27.8,15.4,5.57,6.228809006,0.535406101,0.216636363636364,0.00225134909685997,0.0339591891458212,0.0284855537606064
"176","ScS3InDp1d60","ScS3In","Sc",3,"In","D",1,60,56.7486884,-3.4023509,47.580019,59.1,12.5,5.57,6.424873212,0.52786517,NA,0.00256395262824309,0.0657781242588045,0.0267015025000862
"177","ScS3InDp2d0","ScS3In","Sc",3,"In","D",2,0,56.7487285,-3.4024249,47.580019,37.5,15.2,5.74,3.740301776,0.256391654,0.227090909090909,0.00176432458640497,0.104527607410881,0.0294539578050548
"178","ScS3InDp2d60","ScS3In","Sc",3,"In","D",2,60,56.7487285,-3.4024249,47.580019,62.7,12.5,5.74,4.290789739,0.369505619,NA,0.00186351175905773,0.0453511432662544,0.0221520023198147
"179","ScS3InDp3d0","ScS3In","Sc",3,"In","D",3,0,56.7487553,-3.4024743,47.580019,57.1,14.8,5.64,10.323534539,0.859666134,0.228272727272727,0.00189185358580281,0.0253734260500074,0.0198264995241586
"180","ScS3InDp3d60","ScS3In","Sc",3,"In","D",3,60,56.7487553,-3.4024743,47.580019,66.5,12.7,5.64,3.981611568,0.339341895,NA,0.00223171158896586,0.0266354561046746,0.00697375680702476
"181","ScS4ExCp1d0","ScS4Ex","Sc",4,"Ex","C",1,0,56.9002363,-2.5353888,47.693646,39.6,20.9,4.52,8.554441984,0.69869377,0.128727272727273,0.00189099523691174,0.0367713372213669,0.0314093663200793
"182","ScS4ExCp1d60","ScS4Ex","Sc",4,"Ex","C",1,60,56.9002363,-2.5353888,47.693646,23.3,15.1,4.52,8.603046768,0.644013388,NA,0.00341916088263039,0.0365589317234827,0.0245347087005486
"183","ScS4ExCp2d0","ScS4Ex","Sc",4,"Ex","C",2,0,56.9002926,-2.5352845,47.693646,48.1,19.6,4.48,6.020917618,0.479972242,0.130818181818182,0.00150178134604742,0.0576955153471624,0.0162016291107766
"184","ScS4ExCp2d60","ScS4Ex","Sc",4,"Ex","C",2,60,56.9002926,-2.5352845,47.693646,29.7,14.6,4.48,6.616326222,0.552879418,NA,0.00262764831778106,0.0289492033394813,0.026310280895627
"185","ScS4ExCp3d0","ScS4Ex","Sc",4,"Ex","C",3,0,56.90028,-2.5353078,47.693646,42.6,19.8,4.31,6.56164584,0.552879418,0.145454545454545,0.00167658551344413,0.0399198119088901,0.0296776826813036
"186","ScS4ExCp3d60","ScS4Ex","Sc",4,"Ex","C",3,60,56.90028,-2.5353078,47.693646,33.8,15.3,4.31,5.553096572,0.461745448,NA,0.00323186918085605,0.0619495259986082,0.0276229840743782
"187","ScS4ExDp1d0","ScS4Ex","Sc",4,"Ex","D",1,0,56.9002227,-2.5353643,47.693646,15.7,20.7,4.88,9.520462066,0.771600946,0.0701818181818182,0.00379804225336868,0.050333641725818,0.0251839415340953
"188","ScS4ExDp1d60","ScS4Ex","Sc",4,"Ex","D",1,60,56.9002227,-2.5353643,47.693646,22.4,15.4,4.88,10.686976882,0.838432524,NA,0.00517470627839066,0.0938881025841898,0.0359287524062756
"189","ScS4ExDp2d0","ScS4Ex","Sc",4,"Ex","D",2,0,56.900279,-2.53526,47.693646,17.3,19.6,4.41,7.308944394,0.601484202,0.0886363636363636,0.00274207994975931,0.0671669510355408,0.023324093273159
"190","ScS4ExDp2d60","ScS4Ex","Sc",4,"Ex","D",2,60,56.900279,-2.53526,47.693646,21.8,14.6,4.41,7.059844876,0.558955016,NA,0.00369238168637234,0.0437205673873935,0.0177359910439309
"191","ScS4ExDp3d0","ScS4Ex","Sc",4,"Ex","D",3,0,56.9002664,-2.5352833,47.693646,14.2,20.9,4.62,9.125548196,0.735147358,0.0657272727272727,0.00249067657054313,0.0827315175456034,0.0289262794329612
"192","ScS4ExDp3d60","ScS4Ex","Sc",4,"Ex","D",3,60,56.9002664,-2.5352833,47.693646,21.2,14.8,4.62,6.300395126,0.51642583,NA,0.00317551789216491,0.0563172249400066,0.0214599145373106
"193","ScS4InCp1d0","ScS4In","Sc",4,"In","C",1,0,56.9004291,-2.5354631,42.393165,61.9,19.5,5.3,4.54938109,0.33852019,0.197909090909091,0.00268368686178119,0.0619410795568615,0.0249634281517048
"194","ScS4InCp1d60","ScS4In","Sc",4,"In","C",1,60,56.9004291,-2.5354631,42.393165,42.2,14.7,5.3,5.68053392,0.47888222,NA,0.00394941308998251,0.0577926823732617,0.0114042054866007
"195","ScS4InCp2d0","ScS4In","Sc",4,"In","C",2,0,56.9004611,-2.5355208,42.393165,65.7,20.3,5.55,6.25023863,0.46236904,0.144181818181818,0.00232912588736812,0.054381258252476,0.036952510851274
"196","ScS4InCp2d60","ScS4In","Sc",4,"In","C",2,60,56.9004611,-2.5355208,42.393165,53.2,14.4,5.55,5.41632304,0.42108609,NA,0.00537763837887399,0.0549364547788842,0.0228380769116577
"197","ScS4InCp3d0","ScS4In","Sc",4,"In","C",3,0,56.9004451,-2.5354919,42.393165,58.8,19.5,5.47,5.29247419,0.44585586,0.194363636363636,0.00344415565498969,0.127941242906163,0.0504197513350981
"198","ScS4InCp3d60","ScS4In","Sc",4,"In","C",3,60,56.9004451,-2.5354919,42.393165,64.2,14.6,5.47,5.49063235,0.42108609,NA,0.0022159886992774,0.0411608508735488,0.0274761050562229
"199","ScS4InDp1d0","ScS4In","Sc",4,"In","D",1,0,56.9004449,-2.5354338,42.393165,22.9,18.7,5.26,7.12543717,0.51190858,0.334181818181818,0.00211640639049903,0.0637129228221083,0.0308151849282169
"200","ScS4InDp1d60","ScS4In","Sc",4,"In","D",1,60,56.9004449,-2.5354338,42.393165,41.1,14.1,5.26,6.79517357,0.61098766,NA,0.00456044536053123,0.0643866786380751,0.0357643077833288
"201","ScS4InDp2d0","ScS4In","Sc",4,"In","D",2,0,56.9004769,-2.5354915,42.393165,39.1,22.1,5.42,7.38139146,0.54493494,0.144,0.00153505298081482,0.0773647769941951,0.0477174866510067
"202","ScS4InDp2d60","ScS4In","Sc",4,"In","D",2,60,56.9004769,-2.5354915,42.393165,42.2,14.7,5.42,5.80438277,0.47062563,NA,0.00122498271680493,0.0450641825012332,0.0257449071568026
"203","ScS4InDp3d0","ScS4In","Sc",4,"In","D",3,0,56.9004609,-2.5354627,42.393165,19.7,20.5,5.46,7.34010851,0.54493494,0.129818181818182,0.00167950618121045,0.0686023389596296,0.0375776885407604
"204","ScS4InDp3d60","ScS4In","Sc",4,"In","D",3,60,56.9004609,-2.5354627,42.393165,46.2,14.5,5.46,4.79707879,0.37980314,NA,0.00287458148583114,0.0366046952873723,0.0132062937275325
"205","ScS5ExCp1d0","ScS5Ex","Sc",5,"Ex","C",1,0,56.902531,-2.5636252,44.732028,73.6,19.1,4.44,6.357669813,0.385313322,0.0543636363636364,0.00160633290065493,0.0276399714190108,0.0248890219925553
"206","ScS5ExCp1d60","ScS5Ex","Sc",5,"Ex","C",1,60,56.902531,-2.5636252,44.732028,64.2,13.1,4.44,7.544683434,0.472319556,NA,0.00285939599708948,0.0411349296458952,0.0205000283525649
"207","ScS5ExCp2d0","ScS5Ex","Sc",5,"Ex","C",2,0,56.9025042,-2.5636748,44.732028,67.9,18.8,4.46,7.383100428,0.441245901,0.0399090909090909,0.00205095969633569,0.0177143575526046,0.0130006485362423
"208","ScS5ExCp2d60","ScS5Ex","Sc",5,"Ex","C",2,60,56.9025042,-2.5636748,44.732028,58.5,13.3,4.46,6.867277755,0.391528053,NA,0.00335459699940573,0.0271139218978476,0.0286406930411841
"209","ScS5ExCp3d0","ScS5Ex","Sc",5,"Ex","C",3,0,56.9025221,-2.5636582,44.732028,67.6,17,4.44,6.177442614,0.459890094,0.0716363636363636,0.00177230744215331,0.0222319642644485,0.0142317719553138
"210","ScS5ExCp3d60","ScS5Ex","Sc",5,"Ex","C",3,60,56.9025221,-2.5636582,44.732028,62.2,13.6,4.44,7.358241504,0.416386977,NA,0.00320822767152315,0.0363662131579566,0.0252833217046014
"211","ScS5ExDp1d0","ScS5Ex","Sc",5,"Ex","D",1,0,56.9025282,-2.5636089,44.732028,33.5,20.6,4.54,8.45203416,0.528252135,0.135727272727273,0.00209000836837204,0.0361311633411184,0.0209880452271357
"212","ScS5ExDp1d60","ScS5Ex","Sc",5,"Ex","D",1,60,56.9025282,-2.5636089,44.732028,45.3,12.7,4.54,7.842990522,0.478534287,NA,0.00241987829794412,0.0376104487790025,0.0225082105843698
"213","ScS5ExDp2d0","ScS5Ex","Sc",5,"Ex","D",2,0,56.9024952,-2.5636585,44.732028,32.3,18.7,4.54,8.967856833,0.602828907,0.117636363636364,0.00355982122376069,0.0300566120687733,0.0191680678878409
"214","ScS5ExDp2d60","ScS5Ex","Sc",5,"Ex","D",2,60,56.9024952,-2.5636585,44.732028,37.1,13.1,4.54,6.09043638,0.441245901,NA,0.00381080641662597,0.0358740463329122,0.0278997096669855
"215","ScS5ExDp3d0","ScS5Ex","Sc",5,"Ex","D",3,0,56.9025131,-2.5636419,44.732028,29.4,17.8,4.64,5.22037404,0.428816439,0.0936363636363636,0.0026929448638884,0.0336703836935299,0.0215966509760155
"216","ScS5ExDp3d60","ScS5Ex","Sc",5,"Ex","D",3,60,56.9025131,-2.5636419,44.732028,50.5,13.4,4.64,6.09043638,0.733338258,NA,0.0037241163742583,0.0524951490298777,0.0240591405656987
"217","ScS5InCp1d0","ScS5In","Sc",5,"In","C",1,0,56.9024498,-2.5635441,41.324788,64.5,16.5,4.79,3.205878854,0.252899956,0.444272727272727,0.00266464359512498,0.045493082023739,0.0216783396832685
"218","ScS5InCp1d60","ScS5In","Sc",5,"In","C",1,60,56.9024498,-2.5635441,41.324788,52.9,12.9,4.79,6.679534132,0.48348521,NA,0.00312810952402811,0.029217696519624,0.0238137210340815
"219","ScS5InCp2d0","ScS5In","Sc",5,"In","C",2,0,56.9024409,-2.5635606,41.324788,60.7,17.5,4.78,6.486140048,0.476046976,0.195363636363636,0.00265274916843294,0.0375818091747081,0.0203953034883777
"220","ScS5InCp2d60","ScS5In","Sc",5,"In","C",2,60,56.9024409,-2.5635606,41.324788,39.7,13,4.78,7.073760534,0.565305784,NA,0.00632497298976177,0.0385134536806725,0.0316513917856761
"221","ScS5InCp3d0","ScS5In","Sc",5,"In","C",3,0,56.9024321,-2.5635936,41.324788,54.9,16.4,4.69,3.42158764,0.282652892,0.415909090909091,0.0031089777478235,0.0681624344212309,0.031778850950255
"222","ScS5InCp3d60","ScS5In","Sc",5,"In","C",3,60,56.9024321,-2.5635936,41.324788,43.8,12.8,4.69,6.39688124,0.498361678,NA,0.0027556775386403,0.0562518484296841,0.0360350939034042
"223","ScS5InDp1d0","ScS5In","Sc",5,"In","D",1,0,56.9024408,-2.5635278,41.324788,24,20.8,5.1,7.118389938,0.528114614,0.199909090909091,0.0023008653461692,0.0386699365692671,0.0251890512719184
"224","ScS5InDp1d60","ScS5In","Sc",5,"In","D",1,60,56.9024408,-2.5635278,41.324788,46.6,13.3,5.1,5.98777837,0.44629404,NA,0.00212600097498638,0.0376035907603864,0.0334389779437639
"225","ScS5InDp2d0","ScS5In","Sc",5,"In","D",2,0,56.9024319,-2.5635443,41.324788,21.1,22.1,4.91,7.200210512,0.535552848,0.0907272727272727,0.0027548436836484,0.0371540218604877,0.0257727663376703
"226","ScS5InDp2d60","ScS5In","Sc",5,"In","D",2,60,56.9024319,-2.5635443,41.324788,36.4,13.1,4.91,6.865489982,0.528114614,NA,0.00287014692030815,0.0260109795668519,0.0274203280408533
"227","ScS5InDp3d0","ScS5In","Sc",5,"In","D",3,0,56.902423,-2.5635772,41.324788,20.3,22.3,4.88,8.546530866,0.609935188,0.494636363636364,0.00274571071105474,0.0372799086191402,0.0270646024517273
"228","ScS5InDp3d60","ScS5In","Sc",5,"In","D",3,60,56.902423,-2.5635772,41.324788,32.3,13.1,4.88,8.010978018,0.542991082,NA,0.00239171232741588,0.0552632496149638,0.0362847789392986
"229","YoS1ExCp1d0","YoS1Ex","Yo",1,"Ex","C",1,0,54.2127219,-2.3907215,32.525462,41.3,21.2,5.09,4.440901504,0.421647616,0.312363636363636,0.00187562084143523,0.0500811266768038,0.0390217263558869
"230","YoS1ExCp1d60","YoS1Ex","Yo",1,"Ex","C",1,60,54.2127219,-2.3907215,32.525462,46.3,20.7,5.09,3.70641856,0.346839168,NA,0.000953406005618983,0.0600718456542022,0.0304041832785175
"231","YoS1ExCp2d0","YoS1Ex","Yo",1,"Ex","C",2,0,54.2127398,-2.3907029,32.525462,44,18.5,4.82,3.386782464,0.326436864,0.378090909090909,0.00219218625172336,0.0294357074333775,0.029984195932142
"232","YoS1ExCp2d60","YoS1Ex","Yo",1,"Ex","C",2,60,54.2127398,-2.3907029,32.525462,49.3,21.1,4.82,3.9104416,0.37404224,NA,0.00161573338033548,0.0315229198077321,0.0262397034910266
"233","YoS1ExCp3d0","YoS1Ex","Yo",1,"Ex","C",3,0,54.2127575,-2.3906566,32.525462,43.3,19.7,5.14,4.434100736,0.414846848,0.268636363636364,0.00411410417526502,0.0348019469849056,0.0287306636806141
"234","YoS1ExCp3d60","YoS1Ex","Yo",1,"Ex","C",3,60,54.2127575,-2.3906566,32.525462,46.6,17.6,5.14,4.066859264,0.394444544,NA,0.0020883430464,0.0308594901914155,0.0234144366601302
"235","YoS1ExDp1d0","YoS1Ex","Yo",1,"Ex","D",1,0,54.2127128,-2.3907033,32.525462,33.9,21.5,5.15,8.97701376,0.632471424,0.240090909090909,0.00264685549367567,0.0431082059868333,0.0317222928805294
"236","YoS1ExDp1d60","YoS1Ex","Yo",1,"Ex","D",1,60,54.2127128,-2.3907033,32.525462,39.2,20,5.15,3.788027776,0.394444544,NA,0.00222325736957696,0.0305205752348858,0.0376678636306199
"237","YoS1ExDp2d0","YoS1Ex","Yo",1,"Ex","D",2,0,54.2127306,-2.3906723,32.525462,29.7,19,4.81,3.618008576,0.353639936,0.289727272727273,0.00422857141019504,0.0526292223699935,0.0288216488938659
"238","YoS1ExDp2d60","YoS1Ex","Yo",1,"Ex","D",2,60,54.2127306,-2.3906723,32.525462,38.3,18.9,4.81,3.563602432,0.37404224,NA,0,0.0429896066845785,0.0356067309597312
"239","YoS1ExDp3d0","YoS1Ex","Yo",1,"Ex","D",3,0,54.2127484,-2.3906414,32.525462,17.8,19.6,5.11,3.801629312,0.37404224,0.342545454545455,0.00429266434496335,0.0697623788350692,0.0390664962976262
"240","YoS1ExDp3d60","YoS1Ex","Yo",1,"Ex","D",3,60,54.2127484,-2.3906414,32.525462,43.6,17.7,5.11,3.631610112,0.367241472,NA,0.00205979732162232,0.0483246814204221,0.0285925291780128
"241","YoS1InCp1d0","YoS1In","Yo",1,"In","C",1,0,54.2126875,-2.391041,33.97262,36.7,22.1,5.34,4.430250534,0.386815872,0.601363636363636,0.00744330441696,0.0629850022611639,0.0319110958099179
"242","YoS1InCp1d60","YoS1In","Yo",1,"In","C",1,60,54.2126875,-2.391041,33.97262,53.8,14.3,5.34,4.267062588,0.410991864,NA,0.00279745602859849,0.0690837489529504,0.0329998888677945
"243","YoS1InCp2d0","YoS1In","Yo",1,"In","C",2,0,54.2126963,-2.3909948,33.97262,45.3,19.1,5.36,3.976950684,0.368683878,0.366,0.00488627460360439,0.0522862232325433,0.0256892396012589
"244","YoS1InCp2d60","YoS1In","Yo",1,"In","C",2,60,54.2126963,-2.3909948,33.97262,54,15.3,5.36,3.850026726,0.356595882,NA,0.00201503996290883,0.0177019574720347,0.0192415805103846
"245","YoS1InCp3d0","YoS1In","Yo",1,"In","C",3,0,54.2127051,-2.3909487,33.97262,53.8,20.6,5.42,4.134094632,0.374727876,0.669545454545455,0.0024575520694831,0.0306155620808177,0.0338625715161816
"246","YoS1InCp3d60","YoS1In","Yo",1,"In","C",3,60,54.2127051,-2.3909487,33.97262,56.4,16.9,5.42,4.122006636,0.39285987,NA,0.00171815406433414,0.0307825506386731,0.0230380540630223
"247","YoS1InDp1d0","YoS1In","Yo",1,"In","D",1,0,54.2126604,-2.3910107,33.97262,38.3,20.9,5.37,4.557174492,0.429123858,0.281090909090909,0.00590250750155087,0.0290388983759814,0.0195803740156408
"248","YoS1InDp1d60","YoS1In","Yo",1,"In","D",1,60,54.2126604,-2.3910107,33.97262,43.5,14,5.37,4.478602518,0.429123858,NA,0.00492828598663197,0.0499029427854297,0.0302428110036377
"249","YoS1InDp2d0","YoS1In","Yo",1,"In","D",2,0,54.2126782,-2.3909644,33.97262,28.7,19.9,5.24,3.723102768,0.338463888,0.255909090909091,0.00327388487937121,0.0322521203634887,0.0352187944146768
"250","YoS1InDp2d60","YoS1In","Yo",1,"In","D",2,60,54.2126782,-2.3909644,33.97262,48.8,14.6,5.24,3.916510704,0.368683878,NA,0.00180800145892047,0.0802995894099799,0.0317211997446877
"251","YoS1InDp3d0","YoS1In","Yo",1,"In","D",3,0,54.212687,-2.3909336,33.97262,22.5,19.6,5.24,4.242886596,0.380771874,0.347818181818182,0.00410831787881819,0.0335590926315197,0.0319883418213665
"252","YoS1InDp3d60","YoS1In","Yo",1,"In","D",3,60,54.212687,-2.3909336,33.97262,44.9,15.5,5.24,3.886290714,0.368683878,NA,0.0022679686016188,0.0258244764150698,0.0229838748916227
"253","YoS2ExCp1d0","YoS2Ex","Yo",2,"Ex","C",1,0,54.2535701,-2.3183428,48.24936,59.7,17.4,5.67,4.819292018,0.315455926,0.146272727272727,0.00165804975483463,0.038964099252956,0.0133177153498862
"254","YoS2ExCp1d60","YoS2Ex","Yo",2,"Ex","C",1,60,54.2535701,-2.3183428,48.24936,59.9,16.4,5.67,4.104050364,0.290469318,NA,0.00133829477510787,0.0484160902934631,0.0189794860127013
"255","YoS2ExCp2d0","YoS2Ex","Yo",2,"Ex","C",2,0,54.2535344,-2.3183895,48.24936,57,17.4,5.34,5.459573848,0.3123326,0.272818181818182,0.00210238464136794,0.0558200533038637,0.022878903324657
"256","YoS2ExCp2d60","YoS2Ex","Yo",2,"Ex","C",2,60,54.2535344,-2.3183895,48.24936,55.1,15.3,5.34,4.10717369,0.287345992,NA,0.000955473572463632,0.0289747640365706,0.0168628544603521
"257","YoS2ExCp3d0","YoS2Ex","Yo",2,"Ex","C",3,0,54.2536594,-2.3182492,48.24936,58,17.5,5.45,6.455914842,0.424772336,0.175272727272727,0.00156234505409909,0.0289641674592476,0.0156182927064513
"258","YoS2ExCp3d60","YoS2Ex","Yo",2,"Ex","C",3,60,54.2536594,-2.3182492,48.24936,62.2,15.9,5.45,4.347669792,0.293592644,NA,0.00112627833456535,0.0234286364738699,0.0112951614106976
"259","YoS2ExDp1d0","YoS2Ex","Yo",2,"Ex","D",1,0,54.2535518,-2.3182971,48.24936,56.8,18.1,5.58,14.22674993,0.912011192,0.140818181818182,0.00251747563025343,0.031793217107014,0.0198584625816426
"260","YoS2ExDp1d60","YoS2Ex","Yo",2,"Ex","D",1,60,54.2535518,-2.3182971,48.24936,60.2,15.9,5.58,4.9973216,0.346689186,NA,0.00151795713123444,0.0192451213009311,0.0126004865228223
"261","YoS2ExDp2d0","YoS2Ex","Yo",2,"Ex","D",2,0,54.2535161,-2.3183437,48.24936,51.7,16.2,5.5,4.525699374,0.3123326,0.223,0.00286829746587707,0.0444576721062269,0.0236135701008203
"262","YoS2ExDp2d60","YoS2Ex","Yo",2,"Ex","D",2,60,54.2535161,-2.3183437,48.24936,59.8,16.6,5.5,3.463768534,0.237372776,NA,0.00112980337902184,0.0836999260699339,0.00746301459858079
"263","YoS2ExDp3d0","YoS2Ex","Yo",2,"Ex","D",3,0,54.2536502,-2.3182034,48.24936,58.8,16.6,5.56,1.38988007,0.137426344,0.138454545454545,0.00270206365151749,0.0236997809236425,0.012202134994949
"264","YoS2ExDp3d60","YoS2Ex","Yo",2,"Ex","D",3,60,54.2536502,-2.3182034,48.24936,61,16,5.56,5.306530874,0.340442534,NA,0.00106092522367424,0.032264649275454,0.0157876489535912
"265","YoS2InCp1d0","YoS2In","Yo",2,"In","C",1,0,54.2531059,-2.318903,31.78682,56.2,15.1,5.6,6.65986943,0.35195821,0.334181818181818,0.000820795159789118,0.0526077606507972,0.0126839197579073
"266","YoS2InCp1d60","YoS2In","Yo",2,"In","C",1,60,54.2531059,-2.318903,31.78682,63.6,15.8,5.6,4.66771762,0.30411923,NA,0,0.0336871166938176,0.00696496620404285
"267","YoS2InCp2d0","YoS2In","Yo",2,"In","C",2,0,54.2531683,-2.3188253,31.78682,61.2,15.1,5.33,7.80458788,0.53989706,0.300545454545455,0.00325028444047619,0.0376544268277563,0.0151165456721005
"268","YoS2InCp2d60","YoS2In","Yo",2,"In","C",2,60,54.2531683,-2.3188253,31.78682,65.4,17.3,5.33,3.1778751,0.21869248,NA,0.00178420968268586,0.0212705369976634,0.0101623088624772
"269","YoS2InCp3d0","YoS2In","Yo",2,"In","C",3,0,54.2531416,-2.3188564,31.78682,60.7,16.3,5.42,6.88881312,0.46472152,0.304636363636364,0.00331771600337421,NA,NA
"270","YoS2InCp3d60","YoS2In","Yo",2,"In","C",3,60,54.2531416,-2.3188564,31.78682,60.7,15.7,5.42,5.44680958,0.36904356,NA,0.00151311684292561,0.0406174161772416,0.0100859625298017
"271","YoS2InDp1d0","YoS2In","Yo",2,"In","D",1,0,54.253097,-2.3189185,31.78682,63.1,16.1,5.57,2.17325652,0.18793885,0.338818181818182,0.0018515171392961,0.0614163592314191,0.0124723567462911
"272","YoS2InDp1d60","YoS2In","Yo",2,"In","D",1,60,54.253097,-2.3189185,31.78682,64.3,15.3,5.57,5.91494817,0.39296305,NA,0.00143379207570914,0.0234546692352779,0.0187144606780471
"273","YoS2InDp2d0","YoS2In","Yo",2,"In","D",2,0,54.2531772,-2.3188098,31.78682,59.5,15.6,5.13,2.48762696,0.22894369,0.371818181818182,0.003311997831156,0.0400260294107797,0.0116880220191615
"274","YoS2InDp2d60","YoS2In","Yo",2,"In","D",2,60,54.2531772,-2.3188098,31.78682,66.6,16.4,5.13,5.92178231,0.43396789,NA,0.00160989654982381,0.0238594321658724,0.0202501860460946
"275","YoS2InDp3d0","YoS2In","Yo",2,"In","D",3,0,54.2531327,-2.3188873,31.78682,57.3,15.9,5.87,4.90349545,0.32803872,0.369727272727273,0.00272580310621118,0.0420518590653964,0.0124251554429655
"276","YoS2InDp3d60","YoS2In","Yo",2,"In","D",3,60,54.2531327,-2.3188873,31.78682,63.7,15,5.87,7.16217872,0.46813859,NA,0.00373353629486449,0.0393729946991914,0.0124467368441244
"277","YoS3ExCp1d0","YoS3Ex","Yo",3,"Ex","C",1,0,54.2672292,-2.2659121,33.890908,49.7,20.7,5.48,3.42562314,0.28196898,0.108636363636364,0.00622727093123764,0.156874399925751,0.0397270330402332
"278","YoS3ExCp1d60","YoS3Ex","Yo",3,"Ex","C",1,60,54.2672292,-2.2659121,33.890908,53.5,16.7,5.48,3.42562314,0.28196898,NA,0.0026294233649015,0.0532620481908063,0.0292355686062724
"279","YoS3ExCp2d0","YoS3Ex","Yo",3,"Ex","C",2,0,54.2671842,-2.2658976,33.890908,47.5,21.8,4.56,3.01766802,0.25797162,0.124454545454545,0.00251385613771154,0.0682037181857544,0.0384871700426741
"280","YoS3ExCp2d60","YoS3Ex","Yo",3,"Ex","C",2,60,54.2671842,-2.2658976,33.890908,54.7,16.2,4.56,4.89546144,0.44395116,NA,0.00273932177975266,0.0645171213051001,0.0468227267601676
"281","YoS3ExCp3d0","YoS3Ex","Yo",3,"Ex","C",3,0,54.2672108,-2.265851,33.890908,49.9,21.9,4.65,3.23364426,0.2699703,0.129,0.00288372085235026,0.143064039831421,0.0325269237359385
"282","YoS3ExCp3d60","YoS3Ex","Yo",3,"Ex","C",3,60,54.2672108,-2.265851,33.890908,53.9,16.7,4.65,2.64570894,0.22797492,NA,0.00107423670258047,0.0276380768927457,0.0218352110218745
"283","YoS3ExDp1d0","YoS3Ex","Yo",3,"Ex","D",1,0,54.2672382,-2.265912,33.890908,43.4,20.5,5.15,4.12154658,0.31196568,0.126636363636364,0.00121624827253236,0.044031174666564,0.032533183224356
"284","YoS3ExDp1d60","YoS3Ex","Yo",3,"Ex","D",1,60,54.2672382,-2.265912,33.890908,55.4,16.7,5.15,3.59360466,0.299967,NA,0.00204732326939581,0.0391311636964635,0.032918191057437
"285","YoS3ExDp2d0","YoS3Ex","Yo",3,"Ex","D",2,0,54.2671932,-2.2659128,33.890908,54.9,21.4,4.74,3.73758882,0.29396766,0.156909090909091,0.00249926029026884,0.0447068580320352,0.0276711026740475
"286","YoS3ExDp2d60","YoS3Ex","Yo",3,"Ex","D",2,60,54.2671932,-2.2659128,33.890908,56.5,16.3,4.74,3.41362446,0.26397096,NA,0.0010982071191498,0.0208377854093402,0.0129596103971213
"287","YoS3ExDp3d0","YoS3Ex","Yo",3,"Ex","D",3,0,54.2672197,-2.2658355,33.890908,50.5,23.3,4.78,2.99367066,0.24597294,0.144181818181818,0.00385409248272365,0.0718547022682757,0.0382126448075715
"288","YoS3ExDp3d60","YoS3Ex","Yo",3,"Ex","D",3,60,54.2672197,-2.2658355,33.890908,50.8,16.4,4.78,4.11554724,0.35396106,NA,0.00178615622116208,0.0407081146065675,0.0429347204459224
"289","YoS3InCp1d0","YoS3In","Yo",3,"In","C",1,0,54.2671468,-2.2656679,41.786663,56.9,19.4,4.84,3.55175037,0.302556513,0.272636363636364,0.00313732436648405,0.0257101177221814,0.018309846259522
"290","YoS3InCp1d60","YoS3In","Yo",3,"In","C",1,60,54.2671468,-2.2656679,41.786663,58.9,15.5,4.84,3.073798777,0.26309262,NA,0.00290348818929882,0.0211041277621353,0.016911093451324
"291","YoS3InCp2d0","YoS3In","Yo",3,"In","C",2,0,54.2671738,-2.2656674,41.786663,45.3,19.1,4.52,2.986101237,0.258707743,0.406,0.00116824582959036,0.0933580920111892,0.0174614803066352
"292","YoS3InCp2d60","YoS3In","Yo",3,"In","C",2,60,54.2671738,-2.2656674,41.786663,60.6,15.6,4.52,3.086953408,0.280632128,NA,0.0006311697190848,0.0411858981636946,0.0247920171633587
"293","YoS3InCp3d0","YoS3In","Yo",3,"In","C",3,0,54.2671917,-2.2656671,41.786663,55.3,21.4,4.69,3.257963611,0.267477497,0.308363636363636,0.0041525934061232,0.0304530342611097,0.0252968846090895
"294","YoS3InCp3d60","YoS3In","Yo",3,"In","C",3,60,54.2671917,-2.2656671,41.786663,57.4,15.7,4.69,2.253826778,0.197319465,NA,0.00144813184318859,0.0475125467001366,0.0210298047863334
"295","YoS3InDp1d0","YoS3In","Yo",3,"In","D",1,0,54.267147,-2.2656986,41.786663,55.4,18.2,4.7,6.853562751,0.52618524,0.339181818181818,0.00246499108612037,0.0292767357458332,0.0220612596300636
"296","YoS3InDp1d60","YoS3In","Yo",3,"In","D",1,60,54.267147,-2.2656986,41.786663,59.6,15.7,4.7,2.955407098,0.258707743,NA,0.000578371672006376,0.0161768834874876,0.00844076365068033
"297","YoS3InDp2d0","YoS3In","Yo",3,"In","D",2,0,54.267174,-2.2656981,41.786663,48.9,17.4,4.75,2.565153045,0.214858973,0.409181818181818,0.00504162659867923,0.0824260634201086,0.0177967985785605
"298","YoS3InDp2d60","YoS3In","Yo",3,"In","D",2,60,54.267174,-2.2656981,41.786663,58.2,15.1,4.75,3.437743568,0.276247251,NA,0.000396536304374787,0.0200883211357818,0.0168880368553592
"299","YoS3InDp3d0","YoS3In","Yo",3,"In","D",3,0,54.2671919,-2.2656978,41.786663,48.2,18.6,4.83,2.823860788,0.236783358,0.387909090909091,0.00258166045799582,0.0722786770645186,0.0154585727127694
"300","YoS3InDp3d60","YoS3In","Yo",3,"In","D",3,60,54.2671919,-2.2656978,41.786663,59.5,15,4.83,3.77099422,0.302556513,NA,0.0013500416092714,0.037577294001922,0.0205947914852067
"301","YoS4ExCp1d0","YoS4Ex","Yo",4,"Ex","C",1,0,54.3267736,-2.288563,39.523305,40.2,16.8,5.26,4.329865034,0.329095554,0.294363636363636,0.00225317435753518,0.0394211836836433,0.018735056241286
"302","YoS4ExCp1d60","YoS4Ex","Yo",4,"Ex","C",1,60,54.3267736,-2.288563,39.523305,43.9,21.1,5.26,4.304053618,0.342001262,NA,0.00184721046535151,0.0604853262612076,0.0232920323536588
"303","YoS4ExCp2d0","YoS4Ex","Yo",4,"Ex","C",2,0,54.3267917,-2.2885781,39.523305,37,18.1,4.6,7.536933472,0.445246926,0.258454545454545,0.00441965979076796,0.0713895379755079,0.0224030330497156
"304","YoS4ExCp2d60","YoS4Ex","Yo",4,"Ex","C",2,60,54.3267917,-2.2885781,39.523305,37.4,21.5,4.6,4.497639238,0.35490697,NA,0.00391775140557387,0.0737480596061467,0.0248687199690269
"305","YoS4ExCp3d0","YoS4Ex","Yo",4,"Ex","C",3,0,54.3268284,-2.2887159,39.523305,34.2,17,4.84,10.956946092,0.632379692,0.290363636363636,0.00401517479491549,0.0475223268836678,0.0238713702163207
"306","YoS4ExCp3d60","YoS4Ex","Yo",4,"Ex","C",3,60,54.3268284,-2.2887159,39.523305,42.6,19.8,4.84,4.846093354,0.374265532,NA,0.00100443182569247,0.0641896807866695,0.0159602407868616
"307","YoS4ExDp1d0","YoS4Ex","Yo",4,"Ex","D",1,0,54.3267734,-2.2885323,39.523305,15.6,17,4.83,12.434649658,0.70981394,0.173272727272727,0.00392074717034569,0.0558671464440489,0.038924294932795
"308","YoS4ExDp1d60","YoS4Ex","Yo",4,"Ex","D",1,60,54.3267734,-2.2885323,39.523305,44.2,20.1,4.83,3.574881116,0.283925576,NA,0.00281427802941404,0.0488525839255124,0.0319332633481281
"309","YoS4ExDp2d0","YoS4Ex","Yo",4,"Ex","D",2,0,54.3267828,-2.2885936,39.523305,7.7,17.9,4.87,5.149377492,0.38717124,0.257818181818182,0.0030801669121988,0.0564311169339634,0.0303252290007093
"310","YoS4ExDp2d60","YoS4Ex","Yo",4,"Ex","D",2,60,54.3267828,-2.2885936,39.523305,41.2,20.5,4.87,4.381487866,0.342001262,NA,0.00191788226259101,0.052163344308196,0.0130939451359983
"311","YoS4ExDp3d0","YoS4Ex","Yo",4,"Ex","D",3,0,54.3268105,-2.2887315,39.523305,13,16.7,4.79,4.510544946,0.335548408,0.380181818181818,0.00106617663612448,0.0478152103867092,0.0264150897962417
"312","YoS4ExDp3d60","YoS4Ex","Yo",4,"Ex","D",3,60,54.3268105,-2.2887315,39.523305,35.3,21.7,4.79,4.717036274,0.393624094,NA,0.00252839555420344,0.0401705049726381,0.0223682764524645
"313","YoS4InCp1d0","YoS4In","Yo",4,"In","C",1,0,54.3269071,-2.2883455,51.616756,51.6,17.9,4.92,7.216432548,0.400370412,0.237909090909091,0.00187794166962846,0.0305377187362473,0.00406168018243015
"314","YoS4InCp1d60","YoS4In","Yo",4,"In","C",1,60,54.3269071,-2.2883455,51.616756,55,20.2,4.92,9.120633288,0.543592348,NA,0.00195011157739648,0.0308510562437927,0.0148663066832241
"315","YoS4InCp2d0","YoS4In","Yo",4,"In","C",2,0,54.326898,-2.2883149,51.616756,48.1,17.6,4.66,4.762129372,0.305974136,0.151090909090909,0.00532402563884831,0.0310306341458204,0.00754282482116705
"316","YoS4InCp2d60","YoS4In","Yo",4,"In","C",2,60,54.326898,-2.2883149,51.616756,59.2,19.1,4.66,9.726071472,0.605438184,NA,0.00170579140535044,0.030920040517398,0.00496653862790183
"317","YoS4InCp3d0","YoS4In","Yo",4,"In","C",3,0,54.3268887,-2.2882689,51.616756,47.2,17.6,4.9,5.43592348,0.29295396,0.183181818181818,0.00203765555921707,0.0253509255283928,0.00900159212613522
"318","YoS4InCp3d60","YoS4In","Yo",4,"In","C",3,60,54.3268887,-2.2882689,51.616756,53.7,18.6,4.9,5.833038848,0.354799796,NA,0.00212878044150295,0.045813906648737,0.0151053681005918
"319","YoS4InDp1d0","YoS4In","Yo",4,"In","D",1,0,54.326916,-2.2883299,51.616756,28.6,17.7,4.89,6.620759496,0.377585104,0.0829090909090909,0.00187514479551264,0.0430841116984479,0.0135714590094421
"320","YoS4InDp1d60","YoS4In","Yo",4,"In","D",1,60,54.326916,-2.2883299,51.616756,50.9,19,4.89,9.804192528,0.530572172,NA,0.00227924980385975,0.0370900002159981,0.00494305655880201
"321","YoS4InDp2d0","YoS4In","Yo",4,"In","D",2,0,54.3269158,-2.2882992,51.616756,35.3,17.5,4.71,2.314336284,0.172517332,0.0872727272727273,0.00234163249228101,0.0758337550346408,0.0096237300931495
"322","YoS4InDp2d60","YoS4In","Yo",4,"In","D",2,60,54.3269158,-2.2882992,51.616756,51.1,19.4,4.71,8.77234358,0.50453182,NA,0.00174594579795655,0.0365666620717313,0.00609116992275343
"323","YoS4InDp3d0","YoS4In","Yo",4,"In","D",3,0,54.3269066,-2.2882532,51.616756,18.9,18,4.9,2.822123148,0.188792552,0.0662727272727273,0.00248425177620787,0.0730242796135106,0.0174785387547486
"324","YoS4InDp3d60","YoS4In","Yo",4,"In","D",3,60,54.3269066,-2.2882532,51.616756,56.7,18.7,4.9,5.409883128,0.332014488,NA,0.00164309851112218,0.0399643797225322,0.0136258573232797
"325","YoS5ExCp1d0","YoS5Ex","Yo",5,"Ex","C",1,0,54.3396471,-2.3203035,56.208856,64.7,16.7,3.98,6.483640111,0.471733882,0.148818181818182,0.00377666658623684,0.0401455770147759,0.00295033839114058
"326","YoS5ExCp1d60","YoS5Ex","Yo",5,"Ex","C",1,60,54.3396471,-2.3203035,56.208856,57.9,21,3.98,7.248857286,0.496941036,NA,0.000908937438881367,0.0475666050542582,0.00226254125997671
"327","YoS5ExCp2d0","YoS5Ex","Yo",5,"Ex","C",2,0,54.3396653,-2.3203493,56.208856,43.1,18.2,4.14,2.509912334,0.171048545,0.138636363636364,0.00285631851212359,0.0470952261112027,0.00416575328989861
"328","YoS5ExCp2d60","YoS5Ex","Yo",5,"Ex","C",2,60,54.3396653,-2.3203493,56.208856,58.3,21,4.14,7.626964596,0.469933371,NA,0.000688133545036521,0.0573386720602547,0.00384228411329383
"329","YoS5ExCp3d0","YoS5Ex","Yo",5,"Ex","C",3,0,54.3396474,-2.320365,56.208856,56.6,16.1,4.11,1.168531639,0.082823506,0.229181818181818,0.00346711253038774,0.0242677727474248,0.00269531012681883
"330","YoS5ExCp3d60","YoS5Ex","Yo",5,"Ex","C",3,60,54.3396474,-2.320365,56.208856,52.2,22.1,4.11,6.370207918,0.471733882,NA,0.00132484774194082,0.0219630310513184,0.0043880556953687
"331","YoS5ExDp1d0","YoS5Ex","Yo",5,"Ex","D",1,0,54.339656,-2.320288,56.208856,38,16.4,4.28,3.563211269,0.253872051,0.155545454545455,0.00271886015083464,0.0287430342760516,0.00153787621476358
"332","YoS5ExDp1d60","YoS5Ex","Yo",5,"Ex","D",1,60,54.339656,-2.320288,56.208856,54.6,20.6,4.28,7.722391679,0.428521618,NA,0.00108069659220498,0.0240192484627254,0.00535202392225066
"333","YoS5ExDp2d0","YoS5Ex","Yo",5,"Ex","D",2,0,54.3396741,-2.3203184,56.208856,15.3,17.7,3.99,1.451211866,0.113432193,0.140545454545455,0.0043341319152375,0.0282992498557414,0.00533321490574776
"334","YoS5ExDp2d60","YoS5Ex","Yo",5,"Ex","D",2,60,54.3396741,-2.3203184,56.208856,45.5,21.9,3.99,7.567547733,0.509544613,NA,0.00136850293797273,0.037339883380764,0.00315000293569718
"335","YoS5ExDp3d0","YoS5Ex","Yo",5,"Ex","D",3,0,54.3396383,-2.3203344,56.208856,12.5,16.4,4.44,7.380294589,0.484337459,0.137545454545455,0.00330727150758243,0.0310631981113223,0.00379691733821991
"336","YoS5ExDp3d60","YoS5Ex","Yo",5,"Ex","D",3,60,54.3396383,-2.3203344,56.208856,56.7,18.3,4.44,0.999283605,0.088225039,NA,0.00069406886140047,0.0247127132674597,0.00151021244501414
"337","YoS5InCp1d0","YoS5In","Yo",5,"In","C",1,0,54.3397221,-2.320856,41.625262,50.1,15.9,4.78,5.8571925,0.40630975,0.222909090909091,0.00442642572272727,0.0297001408214185,0.0202909871330941
"338","YoS5InCp1d60","YoS5In","Yo",5,"In","C",1,60,54.3397221,-2.320856,41.625262,58.4,19.4,4.78,5.99966475,0.41686325,NA,0.00402600668698109,0.038074875623567,0.0192518265612041
"339","YoS5InCp2d0","YoS5In","Yo",5,"In","C",2,0,54.339704,-2.3208255,41.625262,51.1,15.8,4.6,5.9627275,0.41686325,0.345545454545454,0.0036684952112326,0.0312088291286406,0.0188507802628658
"340","YoS5InCp2d60","YoS5In","Yo",5,"In","C",2,60,54.339704,-2.3208255,41.625262,55.5,19.4,4.6,5.84136225,0.43797025,NA,0.00294620560625191,0.0382595570715182,0.0306860964245425
"341","YoS5InCp3d0","YoS5In","Yo",5,"In","C",3,0,54.3397402,-2.3208864,41.625262,53.4,16.2,4.73,6.7436865,0.46963075,0.272909090909091,0.00596685851109559,0.0291708680657053,0.0299224816101463
"342","YoS5InCp3d60","YoS5In","Yo",5,"In","C",3,60,54.3397402,-2.3208864,41.625262,56.7,18.3,4.73,5.888853,0.39575625,NA,0.00206342173657718,0.0315763561335748,0.0252878628438232
"343","YoS5InDp1d0","YoS5In","Yo",5,"In","D",1,0,54.3397309,-2.3208251,41.625262,35.3,15.5,4.84,5.79914825,0.401033,0.103090909090909,0.00511807784532086,0.0323833047428313,0.0227138279057466
"344","YoS5InDp1d60","YoS5In","Yo",5,"In","D",1,60,54.3397309,-2.3208251,41.625262,52.8,18.9,4.84,5.54586425,0.38520275,NA,0.00373746236587264,0.0312774051826139,0.0296870213612961
"345","YoS5InDp2d0","YoS5In","Yo",5,"In","D",2,0,54.3397128,-2.3207946,41.625262,19.5,16.1,4.47,6.9547565,0.45907725,0.169272727272727,0.00234519877,0.0314285402801774,0.0216918773598908
"346","YoS5InDp2d60","YoS5In","Yo",5,"In","D",2,60,54.3397128,-2.3207946,41.625262,54.6,18,4.47,5.17649175,0.37464925,NA,0.00212681713017563,0.0244844517835736,0.0247302580171364
"347","YoS5InDp3d0","YoS5In","Yo",5,"In","D",3,0,54.3397491,-2.3208555,41.625262,17.4,16.8,4.76,15.091505,0.9603685,0.0696363636363636,0.002784084657248,0.0288035301147636,0.0102101881271011
"348","YoS5InDp3d60","YoS5In","Yo",5,"In","D",3,60,54.3397491,-2.3208555,41.625262,52.5,20.9,4.76,6.3637605,0.464354,NA,0.00210222732333506,0.04353261527839,0.0297100019597478
